dataset,model,seed_mean,seed_std,seed_n,accuracy_mean,accuracy_std,accuracy_n,train_time_s_mean,train_time_s_std,train_time_s_n,param_count_mean,param_count_std,param_count_n,activation_sparsity_mean,activation_sparsity_std,activation_sparsity_n,epochs_mean,epochs_std,epochs_n
digits,standard_cnn,2.0,1.4142135623730951,5,0.9738888888888887,0.005719794522770585,5,3.309141826629639,0.08410381559902401,5,31050.0,0.0,5,0.3349262152777778,0.033134672652927286,5,100.0,0.0,5
fashion_mnist,standard_cnn,2.0,1.4142135623730951,5,0.8372399999999999,0.004755880570409652,5,16.842972660064696,0.25894923641384804,5,215370.0,0.0,5,0.43378249999999996,0.06825740252466442,5,2.0,0.0,5
mnist,standard_cnn,2.0,1.4142135623730951,5,0.97394,0.0017234848418248125,5,16.72810640335083,0.3135376842194026,5,215370.0,0.0,5,0.40314468750000004,0.027436288819544335,5,2.0,0.0,5
